offer_id,title,company_name,topic_id,topic_label,topic_confidence
810,Copy of Ingénieur Big Data - Services Financiers - Bordeaux (H/F),Forums Talents Handicap,2,Data Analysis & Transformation Digitale,0.35144109951993374
3904,Responsable commercial 63 H/F,Plus que PRO,2,Data Analysis & Transformation Digitale,0.7082877483142926
1694,Ingénieur Systèmes et Réseaux (H/F),Forums Talents Handicap,1,Consulting & Architecture IT,0.5312623420662568
1646,Responsable Conformité Financière et Métiers H/F (CDI),Comptalents,2,Data Analysis & Transformation Digitale,0.7083296695282845
1809,Ingénieur(e) PMO H/F,SOM Ligeron,7,Product Management & Développement Java,0.5624999887570911
741,Architecte MDM (F/H),Coexya,7,Product Management & Développement Java,0.5624999682086386
1466,DIRECTEUR DES SYSTÈMES D'INFORMATION GROUPE - H/F,POMMIER,1,Consulting & Architecture IT,0.28125629330745966
3324,Consultant Support Applicatif @ groupe international - H/F - La Réunion.,Externatic,4,Gestion Commerciale & Qualité,0.8249874876538187
949,Ingénieur·e Système OpenShift (H/F),Team Partners,1,Consulting & Architecture IT,0.37500529580115677
3685,Chef de Produit F/H - Marketing (H/F),Robert Half International France,0,Ingénierie Cloud & Cybersécurité,0.5312969006813071
3855,Responsable commercial 24 H/F,Plus que PRO,2,Data Analysis & Transformation Digitale,0.7082877483142926
1606,Senior Fullstack Developer - Full télétravail F/H (CDI) (H/F),WALTER LEARNING,2,Data Analysis & Transformation Digitale,0.7082781669554663
3198,Ingénieur d'étude Energie confirmé - Traction Ferroviaire -HT/BT H/F,EGIS,7,Product Management & Développement Java,0.8249314999378946
707,Responsable opérationnel IT et DATA (H/F),Nextep HR,2,Data Analysis & Transformation Digitale,0.7081620238498005
1133,Architecte DATA - Fabric H/F,EXPERTIME,1,Consulting & Architecture IT,0.37500392857321635
4000,Responsable commercial H/F,Work & You,2,Data Analysis & Transformation Digitale,0.7082877483142926
4117,Groupama Grand Est recrute des Conseillers Commerciaux en Meurthe-et-Moselle (54) H/F,Groupama,3,Direction Commerciale & Administration IT,0.7081787981585271
1265,Chef de projet informatique (H/F),Défi RH,0,Ingénierie Cloud & Cybersécurité,0.5312545516180255
2144,Ingénieur Logiciel Embarqué Linux (H/F),Sophia Conseil,7,Product Management & Développement Java,0.7082033452334063
797,DevOps H/F,Amiltone,0,Ingénierie Cloud & Cybersécurité,0.125
1435,Développeur Labview H/F,Crit,2,Data Analysis & Transformation Digitale,0.5624999803128126
3564,Directeur commercial 08 H/F,Plus que PRO,7,Product Management & Développement Java,0.7081304493698956
959,Ingénieur d'études Transport H/F,FM LOGISTIC,7,Product Management & Développement Java,0.5312219699974738
1731,Ingénieur Workplace (F/H) (H/F),Experis France,7,Product Management & Développement Java,0.5624999887570911
1285,Manager IA Data H/F,ISAGRI,3,Direction Commerciale & Administration IT,0.5624999646384051
4556,RESPONSABLE COMMERCIAL H/F,HC RESOURCES,2,Data Analysis & Transformation Digitale,0.7082877483142926
3809,Ingénieur responsable d'affaires traitement de l'eau F/H - Commercial (H/F),Hays France,2,Data Analysis & Transformation Digitale,0.48277210490890027
2927,Data Analyst (H/F) - CDI,Caisse d'Epargne Languedoc Roussillon,1,Consulting & Architecture IT,0.37500130187969666
960,Architecte d'Entreprise Data et Socles Transverses H/F,Groupama Supports et Services,7,Product Management & Développement Java,0.5312503132673645
1747,Animateur qualité F/H - Qualité (H/F),Fed Engineering,7,Product Management & Développement Java,0.7083333042392627
1321,Ingénieur en développement .NET / C# (F/H),ALTECA,7,Product Management & Développement Java,0.7811890397323772
3478,Responsable commercial H/F - 59 (Franchises),PLUS QUE PRO,2,Data Analysis & Transformation Digitale,0.7811942658949762
5021,Responsable Développement Commercial (H/F),DALKIA Groupe EDF,2,Data Analysis & Transformation Digitale,0.4728996989868595
1209,Consultant SAP Data Migration Senior (H/F),Signe+,0,Ingénierie Cloud & Cybersécurité,0.125
4141,Chargé(e) de développement commercial et marketing des ventes (H/F),PALAIS DES CONGRES,3,Direction Commerciale & Administration IT,0.7810718187863551
1227,Responsable de Secteur Aérospatial et Défense H/F - IDF,SOM Ligeron,2,Data Analysis & Transformation Digitale,0.7083333082221859
495,Chef de projet intégration logicielle (H/F) (CDI),ACTUAL TALENT,0,Ingénierie Cloud & Cybersécurité,0.7812418436077733
1530,Gestionnaire Master Data H/F,Talents IT,6,Ingénierie R&D & Data Science,0.5624999919365877
1783,Consultant Senior & Manager en Data consulting - secteur financier (H/F),EY,2,Data Analysis & Transformation Digitale,0.4183434233898382
4804,Chargé de développement commercial (H/F),CMAR CENTRE VAL-DE LOIRE,3,Direction Commerciale & Administration IT,0.708170190231546
2773,Chargé d'Études Réseaux Secs (H/F),OPT'IN Recrutement,1,Consulting & Architecture IT,0.7080927862375115
5060,"Analyste développeur - Domaine data, administration QlikSense (H/F)",CREDIT MUTUEL ALLIANCE FEDERALE,2,Data Analysis & Transformation Digitale,0.375003556150106
3619,Directeur commercial 03 H/F,Plus que PRO,7,Product Management & Développement Java,0.7081304493698956
4645,Consultant(e) Marketing Automation F/H (CDI) (H/F),CGI,0,Ingénierie Cloud & Cybersécurité,0.125
1442,Consultant Chef de Projet SAP – CDI F/H - Naaxos,Naaxos,0,Ingénierie Cloud & Cybersécurité,0.5312758792236025
1296,Développeur Full-Stack Expert Python ReactJS H/F,JEMS,2,Data Analysis & Transformation Digitale,0.6249869656859594
2709,Ingénieur ou Ingénieure CyberSécurité (H/F),SNCF,7,Product Management & Développement Java,0.531254713963522
4830,Cegedim - Customer Relationship Manager (CRM) (H/F),Cegedim,3,Direction Commerciale & Administration IT,0.5624999646384051
2433,DATA MANAGER / DATA ANALYST GROUPE - BI - F/H (H/F),MATCHMAKER RECRUTEMENT,4,Gestion Commerciale & Qualité,0.7083333182465716
779,Chef/Cheffe de projet IT confirmé(e) F/H (H/F),EDF,0,Ingénierie Cloud & Cybersécurité,0.7083333284542324
912,Consultant technico fonctionnel SAP (H/F),KAPA IT,2,Data Analysis & Transformation Digitale,0.5623771785927163
831,Analyste développeur Graphtalk (F/H),Thelem assurances,2,Data Analysis & Transformation Digitale,0.375003556150106
3627,Responsable Commercial / Commerciale,HOTEL BAMBOU,2,Data Analysis & Transformation Digitale,0.7812075275379013
1425,Chef de Projet ERP Grands Comptes - H/F,skaelia,3,Direction Commerciale & Administration IT,0.46360051758938325
4903,Chargé(e) de Communication & Partenariat (B2B & Sport) H/F,Fraikin,6,Ingénierie R&D & Data Science,0.5624999411763613
1276,Consultant PPM Senior (H/F),NEXTGEN RH,0,Ingénierie Cloud & Cybersécurité,0.125
2178,Prospecteur terrain (H/F),FIDELIA MIRABEAU,5,Gestion de Projet & Développement,0.5624736162301506
3576,Directeur commercial 28 (H/F),Plus que PRO,7,Product Management & Développement Java,0.7081304493698956
1622,Expert(e) cloud aws f/h (CDI) (H/F),CGI,1,Consulting & Architecture IT,0.708296438590379
2728,Responsable Qualité opérationnelle (H/F)  H/F,CRIT,2,Data Analysis & Transformation Digitale,0.37500487226864404
5161,Stage - 6 mois - Analyste Quantitatif / Data Scientist F/H,NATIXIS,1,Consulting & Architecture IT,0.531217953633185
829,LEAD DEVELOPER JAVA (H/F),Nextgen RH,5,Gestion de Projet & Développement,0.7082409811380951
1043,Développeur As400 H/F,Michael Page,2,Data Analysis & Transformation Digitale,0.5624999803128126
677,APEF - Agent / Agente de planning informatique (H/F),APEF,3,Direction Commerciale & Administration IT,0.5624999847977781
5058,Data & Immobilier durable _ Stage F/H,ETYO,1,Consulting & Architecture IT,0.7811803354073429
3900,Chef de produit F/H,La Boutique du Coiffeur,0,Ingénierie Cloud & Cybersécurité,0.7083333228389057
1618,Chef de projet technique Système Embarqué Radio- F/H (DSI/TSI) (H/F),RATP,0,Ingénierie Cloud & Cybersécurité,0.6249938091556967
2580,Consultant IA Data H/F,ISAGRI,3,Direction Commerciale & Administration IT,0.5623290304698699
972,Développeur ReactJS Confirmé (H/F),Nextep HR,2,Data Analysis & Transformation Digitale,0.5624999803128126
2543,ENQUÊTEUR / ENQUÊTRICE MESURE DE LA QUALITE DE SERVICE (H/F),AD HOC RESEARCH,5,Gestion de Projet & Développement,0.8249994991159582
2713,Stagiaire Data Analyst Marque Industrielle F/H (H/F),Safran,4,Gestion Commerciale & Qualité,0.7082938779743623
3950,RESPONSABLE COMMERCIAL (H/F),Mercato de l'emploi,2,Data Analysis & Transformation Digitale,0.7082877483142926
2900,Commercial(e) BtoB H/F (H/F),MINT,2,Data Analysis & Transformation Digitale,0.5623333546609843
3600,Directeur commercial 85 H/F,Plus que PRO,7,Product Management & Développement Java,0.7081304493698956
556,Administrateur Systèmes et Réseaux H/F,Michael Page,1,Consulting & Architecture IT,0.7812499916661283
4206,Assistant ADV et comptabilité (H/F),AQUILA RH,6,Ingénierie R&D & Data Science,0.7083333213258574
2125,Responsable Achats Secteur Ehpads  - Focus Alimentaire  - H/F (CDI),ALPHEA CONSEIL,2,Data Analysis & Transformation Digitale,0.7083333082221859
2800,Chargé(e) Trade Marketing F/H - Petit Navire,Petit Navire,2,Data Analysis & Transformation Digitale,0.5624998576266821
2714,Data Scientist (H/F),Forums Talents Handicap,1,Consulting & Architecture IT,0.7083139337660149
1018,Ingénieur Développement Firmware H/F,Michael Page,7,Product Management & Développement Java,0.7081996157316949
5062,Stage - Data Analyst - Performance Pricing Services F/H,SCHNEIDER ELECTRIC,4,Gestion Commerciale & Qualité,0.37500172085872563
1427,Développeur Full Stack Senior JavaScript / TypeScript (React / NestJS) (H/F),Externatic,2,Data Analysis & Transformation Digitale,0.7812363065335732
1229,Ingénieur de production N4 - H/F,Econocom,7,Product Management & Développement Java,0.7083332923275923
2501,Gestionnaire d'enquête - production de statistiques d'entreprises (H/F),DIR REG PAYS DE LA LOIRE SIEGE DE NANTES,7,Product Management & Développement Java,0.531205519287412
1577,Chef de Projet et Support Applicatif - H/F,Talents IT,0,Ingénierie Cloud & Cybersécurité,0.42501916818883856
3348,Administrateur des ventes et logistique (H/F),ETRE EMPLOI,1,Consulting & Architecture IT,0.3750341230670483
5180,Stage Ingénieure / Ingénieur Data Base (PFE),CAPGEMINI,7,Product Management & Développement Java,0.7083333116824474
2759,Ingénieur d'Études Ventilation / Génie Climatique Nucléaire (H/F),LTd,7,Product Management & Développement Java,0.7082772468983101
356,Devops (H/F),E-KENT,0,Ingénierie Cloud & Cybersécurité,0.125
1660,"Pmo secteur assurance, ddsi, connaissance iard h/f (Indépendant / Freelance)",Mon Consultant Indépendant,2,Data Analysis & Transformation Digitale,0.708313797266895
394,E.Leclerc - RESPONSABLE INFORMATIQUE ADJOINT - H/F,OLIVET DISTRIBUTION,2,Data Analysis & Transformation Digitale,0.5312278590351112
3952,Directeur Commercial & Marketing H/F,Mercato de l'emploi,7,Product Management & Développement Java,0.7081304493698956
1991,Responsable Web & Performance Digitale (H/F),NEXTGEN RH,2,Data Analysis & Transformation Digitale,0.7083333107992461
2806,Chargé(e) d'études réseaux secs - Marché ENEDIS (H/F),LTd,6,Ingénierie R&D & Data Science,0.7811781310658754
3521,Commercial Terrain Sénior H/F - 13 (Franchises),PLUS QUE PRO,0,Ingénierie Cloud & Cybersécurité,0.8246916045044922
5082,Consultant(e) Data Analyst,OKUDEN,4,Gestion Commerciale & Qualité,0.5624999886979292
4703,Chef de Produits E-Commerce - Wellness & bien-être (H/F) (CDI),PEPITE CONSEIL,0,Ingénierie Cloud & Cybersécurité,0.7083333228389057
3547,Responsable d'Affaires tuyauterie et génie des procédés F/H - Commercial (H/F),SPIE INDUSTRIE ET TERTIAIRE - DIVISION INDUSTRIE,2,Data Analysis & Transformation Digitale,0.7812207542505368
679,Ingénieur software embarqué  (H/F) (CDI),ASTEK,7,Product Management & Développement Java,0.5624999887570911
3028,E.Leclerc - Responsable qualité (QHSE) - H/F,CHATEAUGAY DISTRIBUTION,2,Data Analysis & Transformation Digitale,0.5312483512904699
1439,Développeur ERP - E-Commerce H/F,Silkhom,2,Data Analysis & Transformation Digitale,0.3750021657165026
1320,Développeur / Administrateur ServiceNow H/F,Heliaq,1,Consulting & Architecture IT,0.37500033765362084
1518,Scrum Master (H/F),Forums Talents Handicap,0,Ingénierie Cloud & Cybersécurité,0.125
700,Développeur Fullstack H/F,Plus que pro,2,Data Analysis & Transformation Digitale,0.5624999803128126
2331,Analyste de Marché Financier GAZ H/F (CDI),ALPHEA CONSEIL,3,Direction Commerciale & Administration IT,0.3186285336252427
3853,Responsable commercial 12 H/F,Plus que PRO,2,Data Analysis & Transformation Digitale,0.7082877483142926
5133,Senior Data Scientist,BRIGHTHEART,1,Consulting & Architecture IT,0.5624091858390016
4557,Alternance chargé de développement commercial H/F,ICADEMIE,3,Direction Commerciale & Administration IT,0.708170190231546
2551,Consultant Microsoft 365 / Modern Workplace H/F,Externatic,0,Ingénierie Cloud & Cybersécurité,0.125
4100,Consultant(e) (h/f/n) - cpg (CDI),Circana,0,Ingénierie Cloud & Cybersécurité,0.125
691,Responsable applicatif ERP IFS (H/F),Link Consulting,5,Gestion de Projet & Développement,0.5311459464073055
3186,Assistant(e) en santé sécurité au travail - Limousin (H/F),MSA LIMOUSIN,6,Ingénierie R&D & Data Science,0.7812454469218204
915,Consultant SAP ABAP (H/F),KAPA IT,0,Ingénierie Cloud & Cybersécurité,0.125
3505,Commercial Terrain Sénior H/F - 38 (Franchises),PLUS QUE PRO,0,Ingénierie Cloud & Cybersécurité,0.8246916045044922
3256,Responsable Etudes Ad-Hoc et Panels France F/H - Petit Navire,Petit Navire,2,Data Analysis & Transformation Digitale,0.781198405058472
5214,Data & AI Engineer - Stage de fin d'études Paris - Theodo Data & IA,SICARA,1,Consulting & Architecture IT,0.8247208789959659
3484,Responsable commercial H/F -79 (Franchises),PLUS QUE PRO,2,Data Analysis & Transformation Digitale,0.7811942658949762
4988,Manager Commercial H/F,Job Link,3,Direction Commerciale & Administration IT,0.7081788161770949
558,Architecte Si H/F,Team.is,7,Product Management & Développement Java,0.5624999682086386
5226,Data Engineer / Dev Ops [Réserviste],COMMANDEMENT DE LA CYBERDEFENSE COMCYBER,1,Consulting & Architecture IT,0.7083333040423037
3922,Responsable commercial 08 H/F,Plus que PRO,2,Data Analysis & Transformation Digitale,0.7082877483142926
1344,Technicien d’Exploitation Informatique H/F,Econocom,3,Direction Commerciale & Administration IT,0.7812409051321164
3254,Ingénieur ou ingénieure Maintenance et Travaux en Signalisation électrique (H/F),SNCF,7,Product Management & Développement Java,0.4250293270867328
1095,Chef de projet développement logiciel (H/F),Thales Las France Sas,0,Ingénierie Cloud & Cybersécurité,0.6249970129798945
354,Technicien informatique et administratif F/H - Gestion des congés (H/F),MAIRIE,3,Direction Commerciale & Administration IT,0.781239142897313
838,Développeur / Lead Dev Java – Angular – AWS (H/F),Mercato de l'emploi,2,Data Analysis & Transformation Digitale,0.45680268244246347
3760,Responsable Commercial (F/H),GITEC MATHURINS 2,2,Data Analysis & Transformation Digitale,0.7082877483142926
4133,Commercial Partenariats CSE & Collectivités (H/F),KARAVEL,6,Ingénierie R&D & Data Science,0.3750003621330513
1002,Profil ALM liquidités MOA / BA / gestion de projet (8 ans minimum d'XP) h/f (Indépendant / Freelance),Mon Consultant Indépendant,0,Ingénierie Cloud & Cybersécurité,0.5312130105033149
2766,Ingénieur Etudes confirmé MOE et Assainissement (H/F),LTd,2,Data Analysis & Transformation Digitale,0.4137219398834994
3244,Principal Regulatory & Compliance / Banque de d... H/F (CDI),SQUARE,0,Ingénierie Cloud & Cybersécurité,0.125
2323,Auditeur  junior H/F (CDI),LEA Recrutement,5,Gestion de Projet & Développement,0.5624999499676144
537,Ingénieur Soutien Logistique Intégré (SLI) H/F (CDI),MICHAEL PAGE,7,Product Management & Développement Java,0.5624999887570911
1340,Ingénieur étude et développement Java H/F,Ouidou,7,Product Management & Développement Java,0.8248192563084777
2574,Data analyst,DOGG LABEL,4,Gestion Commerciale & Qualité,0.5624999886979292
3065,Head of Data Management Products & Modeling (H/F),AXA,4,Gestion Commerciale & Qualité,0.37500249467787106
4147,Directeur d'activité structure (H/F),Work & You,7,Product Management & Développement Java,0.5624999755318729
3833,Responsable Service Clients Systèmes & Réseaux - H/F,OKTEO SAS,1,Consulting & Architecture IT,0.3541220196581395
4220,Responsable Marketing Digital (H/F),AMILTONE,2,Data Analysis & Transformation Digitale,0.7083333107992461
3219, Consultant Senior – Risk advisory (F/H) , RSM en Rhône-Alpes ,0,Ingénierie Cloud & Cybersécurité,0.125
4197,Chef de projet Data et Power BI F/H (H/F),IFMG,0,Ingénierie Cloud & Cybersécurité,0.5312693034424927
3499,Responsable commercial H/F -92 (Franchises),PLUS QUE PRO,2,Data Analysis & Transformation Digitale,0.7082877483142926
401,Testeur qa expérimenté (H/F),Actual Talent Lyon Ingénierie,4,Gestion Commerciale & Qualité,0.5624999465938777
3148,Responsable Practice Data / IA (Lyon) - H/F,skaelia,2,Data Analysis & Transformation Digitale,0.7083332807909286
390,Data Engineer H/F,Amiltone,1,Consulting & Architecture IT,0.5624999505226381
2134,Ingénieur ou Ingénieure Aménagement intérieurs (H/F),SNCF,7,Product Management & Développement Java,0.7083333116824474
575,Développeur .NET React H/F,Adsearch,2,Data Analysis & Transformation Digitale,0.37502059361018364
371,Administrateur as400 (H/F),ESPRITEK,1,Consulting & Architecture IT,0.5624999718846816
2209,Ingénieur Électricien Bureau d'Études (H/F),Kali Group,7,Product Management & Développement Java,0.7082772468983101
3818,GESTIONNAIRE COMMANDES H/F,GEZIM,6,Ingénierie R&D & Data Science,0.5624999919365877
2159,Gestionnaire Maîtrise des Risques H/F,CAISSE PRIMAIRE ASSURANCE MALADIE,6,Ingénierie R&D & Data Science,0.5624999919365877
1729,Ingénieur / Ingénieure de développement informatique (H/F),Thales Services Numériques Sas,7,Product Management & Développement Java,0.49826101942575624
415,Directeur Général Adjoint en Charge de la Finance et des Systèmes d'Informations H/F,Michael Page,1,Consulting & Architecture IT,0.37500309420693495
4535,COORDINATEUR·RICE EXPÉRIENCE CLIENTÈLE & ÉVÉNEMENTIEL (Saint-Leu) #TET10110 (H/F),Tetranergy Business School Réunion,5,Gestion de Projet & Développement,0.7083221189932364
5095,V.I.E. Business Data Analyst,SOCIETE GENERALE,4,Gestion Commerciale & Qualité,0.37504359331053067
2491,Auditeur / Auditrice qualité services (H/F),VITALIS CONSULTING,5,Gestion de Projet & Développement,0.6250493040915028
1479,DÉVELOPPEUR JAVA - H/F,ATOL CONSEILS ET DEVELOPPEMENTS,2,Data Analysis & Transformation Digitale,0.7082968631213316
894,Analyste SOC (H/F),HOLENEK INGENIERIE,3,Direction Commerciale & Administration IT,0.5624999652018535
5009,Responsable Ingénierie Produits H/F (CDI),LHH,2,Data Analysis & Transformation Digitale,0.5624999779698873
2285,Ingénieur Etudes Environnement (H/F),LTd,7,Product Management & Développement Java,0.7082816537401603
3072,Business Owner IARD F/H - Kereis Solutions,Kereis Solutions,5,Gestion de Projet & Développement,0.5624999373609192
803,Chef de Projet IT H/F,Amiltone,0,Ingénierie Cloud & Cybersécurité,0.7083333284542324
3532,Chargé d'affaires Indépendant (H/F) (CDI),La Maison Des Travaux,2,Data Analysis & Transformation Digitale,0.5624502050947269
1584,CONSULTANT SUPPORT ET FORMATION (H/F),HARRY HOPE,4,Gestion Commerciale & Qualité,0.562448047547813
2452,Auditeur - Île d'Oléron (17) (H/F),ODAS CONSEIL,5,Gestion de Projet & Développement,0.5624999499676144
1150,Expert(e) Gestion Locative ERP H/F,SEQENS,3,Direction Commerciale & Administration IT,0.531085569366118
5051,Data analyste stratégie Eaux-de-Vie,PERNOD RICARD,3,Direction Commerciale & Administration IT,0.531225897977882
4791,Cdd as nuit - temps plein (f/h) (CDI) (H/F),Ag Haguenau appel médical,0,Ingénierie Cloud & Cybersécurité,0.125
1544,Expert / Experte en cybersécurité (H/F),Thales Dms France Sas,1,Consulting & Architecture IT,0.5322410061977214
5071,STAGE - Développeur – Data Analyse - H/F,THALES,2,Data Analysis & Transformation Digitale,0.7081620297047551
4660,Responsable Commercial Compte National H/F,Kyosei,2,Data Analysis & Transformation Digitale,0.47234137745763477
1038,Chef de projet Data / Data Engineer (H/F),DAHER,0,Ingénierie Cloud & Cybersécurité,0.4250050088545464
4210,Cilas - Responsable Commercial / Commerciale (H/F),Cilas,2,Data Analysis & Transformation Digitale,0.7812075275379013
5137,Consultant IA Data H/F,ISAGRI,3,Direction Commerciale & Administration IT,0.5623290304698699
4718,Responsable Développement Foncier Seine-Saint-Denis H/F (CDI),TIME RECRUTEMENT,2,Data Analysis & Transformation Digitale,0.3749769331598266
1055,INGENIEUR - DATABASES CLOUD - H/F,Banque de France,4,Gestion Commerciale & Qualité,0.375010189073842
370,Administrateur as400 (H/F),ESPRITEK,1,Consulting & Architecture IT,0.5624999718846816
2272,Chef de groupe réhabilitation tertiaire  () (H/F),LTd,0,Ingénierie Cloud & Cybersécurité,0.375006019321908
866,Développeur embarqué Linux Yocto (H/F),LES INTERIMAIRES PROFESSIONNELS TERTIAIR,2,Data Analysis & Transformation Digitale,0.5624999803128126
5053,STAGE - Assistant(e) Data Quality Analyst (H/F),HERMES,4,Gestion Commerciale & Qualité,0.3750012156135481
3718,Responsable Commercial - Projets Bâtiment (H/F),BEG INGENIERIE,2,Data Analysis & Transformation Digitale,0.518413864980967
2138,Assistant Data Analyst Durabilité (H/F),Forums Talents Handicap,4,Gestion Commerciale & Qualité,0.3750012156135481
832,Technicien d’exploitation informatique – Environnements MVS et OPEN (H/F),SEA TPI,3,Direction Commerciale & Administration IT,0.7812409051321164
2531,Chargé d'études expert réseaux electriques (H/F),DYNAMIC RH,6,Ingénierie R&D & Data Science,0.7081817191713048
3109,chef de projets finance F/H - mRHq,mRHq,0,Ingénierie Cloud & Cybersécurité,0.7810804478387311
714,Développeur H/F,Chantiers de l'Atlantique,2,Data Analysis & Transformation Digitale,0.5624999803128126
806,ARCHITECTE SYSTEME EMBARQUÉ (H/F),Expectra,7,Product Management & Développement Java,0.7082671253437928
428,Ingénieur .Net / Angular (H/F),ALTECA,7,Product Management & Développement Java,0.7083332756783566
4247,DIRECTEUR COMMERCIAL INDEPENDANT (H/F),Bras droit des Dirigeants,7,Product Management & Développement Java,0.7081304493698956
534,Ingénieur Systèmes et Réseaux Confirmé (H/F) (CDI),NEXTEP HR,1,Consulting & Architecture IT,0.5312623420662568
1237,Administrateur Easyvista F/H,SEA TPI,1,Consulting & Architecture IT,0.5624999718846816
835,Architecte connectivité (H/F),GROUPE ATLANTIC SYNERGY - Société en Nom Collectif,7,Product Management & Développement Java,0.5624999682086386
1856,Ingénieur.e Développement Durable (H/F),O.T.E.,7,Product Management & Développement Java,0.7811642062209575
5155,Biology Data Scientist,WHITELAB GENOMICS,1,Consulting & Architecture IT,0.5624091858390016
860,Consultant ERP - Comptabilité finance (H/F),GROUPE ALTHAYS,5,Gestion de Projet & Développement,0.7083043988504983
2141,Chef de projets DATA (H/F) - Stage,Caisse d'Epargne Languedoc Roussillon,0,Ingénierie Cloud & Cybersécurité,0.5312538785805969
997,Data Engineer (H/F/X) (CDI),INFOPRO DIGITAL,1,Consulting & Architecture IT,0.7083333040423037
1310,Chef de projet - H/F,Econocom,0,Ingénierie Cloud & Cybersécurité,0.7083333284542324
938,Technicien / Technicienne Support PMS F/H - Siège Sandaya - Direction IT/Marketing/Commercial,Siège Sandaya - Direction IT/Marketing/Commercial,3,Direction Commerciale & Administration IT,0.8249114311046327
1007,Business Analyst Retail Encaissement Magasin H/F (CDI),MICHAEL PAGE,4,Gestion Commerciale & Qualité,0.5624999886979292
4631,Gestionnaire sinistre expert auto materiel (h/f) (CDI),TALENTS FINANCE,6,Ingénierie R&D & Data Science,0.375016962087025
3995,Gestionnaire Relation Client - Livraison (H/F),GROUPE PIMENT,2,Data Analysis & Transformation Digitale,0.5310580659739165
924,Développeur Mobile Android/ Kotlin H/F (H/F),CEV GROUP,2,Data Analysis & Transformation Digitale,0.5624999803128126
756,Développeur Navision (H/F),HARRY HOPE,2,Data Analysis & Transformation Digitale,0.5624999803128126
4068,Responsable Développement Commercial - TCE - H/F,BRIKS,2,Data Analysis & Transformation Digitale,0.4728996989868595
2429,Responsable Développement Territorial Energies Renouvelables F/H - Etudes socio-économiques (H/F),MICHAEL PAGE INTERNATIONAL FRANCE,2,Data Analysis & Transformation Digitale,0.6249668018682091
608,GESTIONNAIRE BASE DE DONNÉES H/F,Mr.Bricolage,6,Ingénierie R&D & Data Science,0.3750643175467097
3988,Assistant(e) Chef(fe) de Produits (H/F),MARKETING LICENSED PRODUCTS,0,Ingénierie Cloud & Cybersécurité,0.5312504113976512
4707,Directeur des ventes en Transaction Immobilière F/H (CDI) (H/F),Foncia,7,Product Management & Développement Java,0.7810553383950376
853,Chef(fe) de Projet Informatique H/F (H/F),AGEM,0,Ingénierie Cloud & Cybersécurité,0.5312545516180255
3276,Banque de France - ASSISTANT DATA (H/F) - H/F,Banque de France,6,Ingénierie R&D & Data Science,0.5312157369097219
5000,International Business Developer - Full Service - Private Label H/F,Talents Commerciaux,5,Gestion de Projet & Développement,0.781098323511333
2451,Data Analyst Commerce - Transport H/F,Supplay,4,Gestion Commerciale & Qualité,0.7083333148704993
3060,Agents Enquêteurs Terrains (H/F),ALYCE,5,Gestion de Projet & Développement,0.708325245600454
3343,Senior Consultant à Manager - Technology Strategy & Transformation - CTO Advisory et Green IT H/F,EY,4,Gestion Commerciale & Qualité,0.3750026434068771
2489,Chef de Projet IT CPQ (H/F),HITACHI ENERGY FRANCE,0,Ingénierie Cloud & Cybersécurité,0.7083333284542324
1972,Responsable Qualité – Secteur Agroalimentaire (H/F,ACTUA FERRIERES-EN-GÂTINAIS,2,Data Analysis & Transformation Digitale,0.5312586521725885
3341,Data Scientist Expérimenté H/F,EY,1,Consulting & Architecture IT,0.7083139337660149
1900,Gestionnaire de paie H/F (CDI),LEA Recrutement,6,Ingénierie R&D & Data Science,0.5624999919365877
871,Technicien Audiovisuel et Réseaux (H/F),LES INTERIMAIRES PROFESSIONNELS TERTIAIR,1,Consulting & Architecture IT,0.4538341094377141
1032,Gestionnaire Master Data H/F,Expectra,6,Ingénierie R&D & Data Science,0.5624999919365877
971,Architecte d'entreprise SI Interne H/F,Groupama Supports et Services,7,Product Management & Développement Java,0.7083332684787417
805,Analyste Developpeur Power Bi H/F,Amiltone,3,Direction Commerciale & Administration IT,0.5624999652018535
397,Technicien informatique en alternance H/F,ARINFO I-MAGINER,3,Direction Commerciale & Administration IT,0.7083250488146077
1364,Ingénieur d’études VRD – (H/F),RESEAU ALLIANCE,7,Product Management & Développement Java,0.7082772468983101
4795,Développeur iOS Confirmé/Senior (Swift / SwiftUI) (H/F),Soors,2,Data Analysis & Transformation Digitale,0.5624999803128126
901,TECHNICIEN SYSTEMES ET RESEAUX  (H/F),CAISSE PRIMAIRE ASSUR MALADIE,3,Direction Commerciale & Administration IT,0.7082842731211381
3147,COMMERCIAL(E) (H/F),DAN CUP,2,Data Analysis & Transformation Digitale,0.5623333546609843
382,Chef de Projet Sage X3 H/F,DAVRICOURT,0,Ingénierie Cloud & Cybersécurité,0.7083333284542324
1751,Expert Databricks - Secteur public H/F,VIVERIS,2,Data Analysis & Transformation Digitale,0.5311496368023229
2793,Consultant / Consultante en stratégie et organisation,PEERS GROUP FRANCE,4,Gestion Commerciale & Qualité,0.7812445807693098
2941,"INGÉNIEUR-E DÉTUDES EN PRODUCTION, TRAITEMENT, ANALYSE DE DONNÉES ET ENQUÊTES - H/F",Ecole Normale Supérieure de Lyon,7,Product Management & Développement Java,0.8249968410426117
5122,Data Scientist Crédit International H/F,GROUPE CREDIT AGRICOLE,1,Consulting & Architecture IT,0.48186832657714335
1671,Architecte Cloud Public H/F (CDI),Crédit Mutuel Arkéa,7,Product Management & Développement Java,0.7810954816909733
704,Administrateur système et réseau (H/F),Actual Talent Lyon Tertiaire,1,Consulting & Architecture IT,0.7812499916661283
437,INGENIEUR SI & SIG (H/F),PRONY RESOURCES NEW CALEDONIA,4,Gestion Commerciale & Qualité,0.5624999214174873
785,Testeur(euse) de logiciel - CDR (H/F),UCANSS,4,Gestion Commerciale & Qualité,0.37503244052276186
4095,Gestionnaire ADV confirmé - F/H (CDI) (H/F),LE CABRH,6,Ingénierie R&D & Data Science,0.7083333229287444
2295,Analytics Engineer H/F,Rubix France,1,Consulting & Architecture IT,0.5624999505226381
900,Assistant(e) technique / admisnitratif (H/F),GROUPE DGE- DGE RECRUTEMENT-DGE PLACEM,6,Ingénierie R&D & Data Science,0.7082270518583121
2045,Enquêteur / Enquêtrice terrain Chambéry (H/F),EPSILON MARKETING,5,Gestion de Projet & Développement,0.7812463770776409
3055,GUY HOQUET IMMOBILIER - Data analyst (H/F),GUY HOQUET IMMOBILIER,4,Gestion Commerciale & Qualité,0.37503100888575913
3592,Directeur commercial 39 H/F,Plus que PRO,7,Product Management & Développement Java,0.7081304493698956
1588,INGENIEUR(E) IP TELECOM (H/F),UMANTIC TECHNOLOGIES,4,Gestion Commerciale & Qualité,0.5624999214174873
4695,Merchandiser Réseau Lunetterie - 36/18/45 H/F (CDD),MICHAEL PAGE,1,Consulting & Architecture IT,0.5624999776809377
3877,Responsable commercial 43 H/F,Plus que PRO,2,Data Analysis & Transformation Digitale,0.7082877483142926
3456,Chargé de Partenariats Agricoles H/F (CDD),MICHAEL PAGE,6,Ingénierie R&D & Data Science,0.5624999411763613
473,Chargé d'Affaires Informatique H/F,Actual Talent,3,Direction Commerciale & Administration IT,0.7081648927464236
815,Ingénieur Logiciel embarqués (confirmé) (H/F),Forums Talents Handicap,7,Product Management & Développement Java,0.7082033452334063
5045,Responsable développement commercial - Smart building H/F,KAB Recrutement,2,Data Analysis & Transformation Digitale,0.4728996989868595
950,Développeur Fullstack Angular / Java J2EE H/F,GEODIS,2,Data Analysis & Transformation Digitale,0.7082968631213316
1037,Technicien - Technicienne Informatique H/F,Temporis Interim,3,Direction Commerciale & Administration IT,0.781243108714717
3454,Responsable commercial H/F -94 (Franchises),PLUS QUE PRO,2,Data Analysis & Transformation Digitale,0.7811942658949762
3307,Product Owner IT F/H - Children Worldwide Fashion C.W.F,Children Worldwide Fashion C.W.F,0,Ingénierie Cloud & Cybersécurité,0.5624999520984563
1117,Technicien Support Informatique - F/H,SOCOPA,3,Direction Commerciale & Administration IT,0.7811720012503514
3574,Directeur commercial 19 H/F,Plus que PRO,7,Product Management & Développement Java,0.7081304493698956
1188,Ingénieur Développement Fullstack Java/Angular expérimenté (H/F),ALTECA,7,Product Management & Développement Java,0.7811384612526706
3725,Business Developer (H/F),SENALIA LOGISTICS & ENTREPOSAGE,0,Ingénierie Cloud & Cybersécurité,0.125
5015,"Responsable développement commercial, - Nettoyage Industriel (H/F)",RUSH CARE AUTO & INDUSTRIE,3,Direction Commerciale & Administration IT,0.5162465783456245
4061,Responsable d'Affaires Électricité F/H - Commercial (H/F),MICHAEL PAGE INTERNATIONAL FRANCE,2,Data Analysis & Transformation Digitale,0.7812207542505368
1619,Chef de Service Gestion des Données F/H (CDI) (H/F),HADLEY SEARCH,0,Ingénierie Cloud & Cybersécurité,0.6248075215090154
2910,Commercial terrain overseas (H/F),LTd,5,Gestion de Projet & Développement,0.3749858378987597
3821,GESTIONNAIRE SERVICE RELATIONS CLIENTS H/F,ACTUA ROSHEIM,5,Gestion de Projet & Développement,0.3913589949249362
2946,Data Scientist IA Générative H/F,TALEXIM Pays de Savoie,1,Consulting & Architecture IT,0.5624091858390016
3807,Responsable Marketing et Produit F/H - Marketing (H/F),SAFRAN AEROSYSTEMS,2,Data Analysis & Transformation Digitale,0.6250009553279718
1810,Chef de projet / concepteur H/F,Forum Jobs,0,Ingénierie Cloud & Cybersécurité,0.7083333284542324
602,Développeur/se – Fullstack Java/Angular - Services Financiers - Lyon (H/F),Forums Talents Handicap,2,Data Analysis & Transformation Digitale,0.7668151778765426
2464,"Gestionnaire locatif F/H - Administration, gestion, organisation (H/F)",Robert Walters France,6,Ingénierie R&D & Data Science,0.2812978476657384
3095,Alternance Data Analyst - Strasbourg (H/F),ISCOD,1,Consulting & Architecture IT,0.37500130187969666
5091,Data Analyst Confirmé - Lille,MP DATA,4,Gestion Commerciale & Qualité,0.5624999886979292
1527,Consultant SAP (H/F),Talents IT,0,Ingénierie Cloud & Cybersécurité,0.125
1906,Gestionnaire de paie confirmé  H/F (CDI),LEA Recrutement,6,Ingénierie R&D & Data Science,0.5624999919365877
928,Développeur Back-end PHP (H/F),PULSE,2,Data Analysis & Transformation Digitale,0.5624999803128126
4947,Responsable de développement commercial Grands Comptes H/F (H/F),ENTREPRISE GUY CHALLANCIN,3,Direction Commerciale & Administration IT,0.6196079598314717
1352,Technicien informatique H/F,ACS RH,3,Direction Commerciale & Administration IT,0.7083250488146077
3168,Chargé.d d'animation de réseau (H/F),RESEAU REGIONAL DES ACTEURS DU REEMPLOI ,1,Consulting & Architecture IT,0.5624999776809377
2152,COORDINATEUR QUALITE ET GESTION DES RISQUES (H/F),ASSOCIATION HOSPITALIERE DE MOZE,5,Gestion de Projet & Développement,0.3750188666175418
2176,Prospecteur terrain (H/F),FIDELIA MIRABEAU,5,Gestion de Projet & Développement,0.5624736162301506
4102,Consultant(e) Transports & Mobilités F/H (CDI) (H/F),CGI,4,Gestion Commerciale & Qualité,0.5624999440046695
3144,Responsable d’agence IA & Data (Nantes) - H/F,skaelia,2,Data Analysis & Transformation Digitale,0.7081620238498005
3843,Product Owner Observabilité & Produits d’Exploitation – Assurance (H/F),SEA TPI,0,Ingénierie Cloud & Cybersécurité,0.7811612298324034
1568,Product Owner H/F,Baker Tilly STREGO SAS,0,Ingénierie Cloud & Cybersécurité,0.5624999520984563
5113,Freelance Data Scientist - AI Marketplace Platform,MIRAKL,1,Consulting & Architecture IT,0.7081981581554971
3987,Assistant Marketing Produit (H/F),GYS,6,Ingénierie R&D & Data Science,0.5624999861130449
1629,Développeur AS400 expérimenté F/H (CDI) (H/F),Groupe FNAC DARTY,2,Data Analysis & Transformation Digitale,0.5624999803128126
3277,RESPONSABLE DU POLE ENTREPOT ET ANALYTICS - F/H (H/F),AFD - Agence Française de développement,2,Data Analysis & Transformation Digitale,0.5624999779698873
3768,Senior Business Unit Manager - Industrie  (H/F) (CDI),ASTEK,1,Consulting & Architecture IT,0.7082542255388332
1828,Chef de Projet IT CRM (H/F),EDUGROUPE,0,Ingénierie Cloud & Cybersécurité,0.7083333284542324
353,Architecte cloud senior (H/F),ACTUAL ITS,7,Product Management & Développement Java,0.708267629022259
3304,responsable qualité sanitaire développement durable H/F - EC22146,Ville de SAINT ETIENNE DU ROUVRAY,7,Product Management & Développement Java,0.6249272863603639
1328,Ingénieur LINUX F/H,Université de Bretagne Occidentale,7,Product Management & Développement Java,0.5624999887570911
1794,Enquêteur / Enquêtrice terrain (H/F),M C 2,5,Gestion de Projet & Développement,0.7812463770776409
1774,Ingénieur ou Ingénieure Méthode process digital (H/F),SNCF,7,Product Management & Développement Java,0.7083333116824474
4023,CHEF.FE DE MARCHÉ CONSTRUCTION / BTP - TRANSFORMATION DIGITALE - H/F,GS1 France,0,Ingénierie Cloud & Cybersécurité,0.22501625804732775
3006,Chief digital officer - Responsable de la transformation digitale (H/F),Thales Las France Sas,2,Data Analysis & Transformation Digitale,0.6250116169544159
549,Chef de Projets H/F (CDI),PONTICELLI FRERES,0,Ingénierie Cloud & Cybersécurité,0.7083333284542324
529,Architecte - Directeur de projets F/H (CDI) (H/F),AIA LIFE DESIGNERS,7,Product Management & Développement Java,0.5312500201490006
4007,Gestionnaire ADV Facturation H/F,Page Personnel,6,Ingénierie R&D & Data Science,0.7083333229287444
369,Consultant SIRH Pléiades (H/F),Kent,0,Ingénierie Cloud & Cybersécurité,0.125
422,Ingénieure / Ingénieur Cloud DevOps expérimenté (H/F),Forums Talents Handicap,7,Product Management & Développement Java,0.8249803440616338
4770,Chef de Produit H/F,Crit Experts et Cadres,0,Ingénierie Cloud & Cybersécurité,0.7083333228389057
1314,Ingénieur·e en ingénierie logicielle (H/F),Université de Lille,7,Product Management & Développement Java,0.5624999887570911
662,Gestionnaire base de données patrimoine (H/F),PROMAN,6,Ingénierie R&D & Data Science,0.3750643175467097
2133,Data analyst expérimenté.e (H/F),SNCF,4,Gestion Commerciale & Qualité,0.5624999886979292
5047,ECG - Chargé / Chargée marketing digital (H/F),ECG,2,Data Analysis & Transformation Digitale,0.5624999399436308
1092,ADMINISTRATEUR SYSTÈMES & RÉSEAUX CONFIRMÉ H/F,Botanic,1,Consulting & Architecture IT,0.781220194320059
1465,HEAD OF DATA & DIGITAL SYSTEMS - H/F,Pleyce,2,Data Analysis & Transformation Digitale,0.5624999399436308
1812,Responsable qualité fournisseur électricité H/F,TALEXIM Grenoble,2,Data Analysis & Transformation Digitale,0.37500487226864404
1628,Responsable Bio-Informatique F/H (CDI) (H/F),HADLEY SEARCH,2,Data Analysis & Transformation Digitale,0.5624999779698873
5208,Senior Director Data & AI Engineering,PUBLICIS SAPIENT,3,Direction Commerciale & Administration IT,0.5623290304698699
503,Ingénieur Travaux - Travaux Spéciaux H/F (CDI),MICHAEL PAGE,6,Ingénierie R&D & Data Science,0.5312534018112964
941,Product Owner (H/F),Link Consulting,0,Ingénierie Cloud & Cybersécurité,0.5624999520984563
4922,Directeur des Ventes Associé - Projet International Immersif et Iconique F/H - Direction commerciale et marketing (H/F),MICHAEL PAGE INTERNATIONAL FRANCE,7,Product Management & Développement Java,0.5066883026284384
2182,Chargé de traitement des données / Référent UNESS - Faculté Santé (H/F),SORBONNE UNIVERSITE,7,Product Management & Développement Java,0.531282110570151
1985,Chef de projet ERP (F/H),DALIVAL,0,Ingénierie Cloud & Cybersécurité,0.7810804730371669
3642,Business Developer (H/F),RESOTAINER,0,Ingénierie Cloud & Cybersécurité,0.125
1411,Chef de projet IT Supply Chain H/F,GENERALE POUR L ENFANT,0,Ingénierie Cloud & Cybersécurité,0.7083333284542324
488,Locataire-Gérant Stations-Service - Toulouse et... H/F (CDI),MICHAEL PAGE,5,Gestion de Projet & Développement,0.5624933578814745
4338,Alternance - Assistant Marketing Digital & Réseaux Sociaux Alternance / Apprentissage (H/F),Nexa Paris,6,Ingénierie R&D & Data Science,0.3750071925560648
1132,Developpeur Cloud (H/F),GROUPE ATLANTIC SYNERGY - Société en Nom Collectif,1,Consulting & Architecture IT,0.562363399106016
1730,Ingénieur / Ingénieure de développement informatique (H/F),Thales Services Numériques Sas,7,Product Management & Développement Java,0.49826101942575624
705,Technicien système et réseau (H/F),Actual Talent Lyon Tertiaire,1,Consulting & Architecture IT,0.7811080732948039
2706,Ingénieur ou Ingénieure maintenance et travaux génie électrique (H/F),SNCF,7,Product Management & Développement Java,0.4250293270867328
3025,Chargé de projet qualité et satisfaction (H/F),ASSOCIATION AUTISME MAYOTTE,0,Ingénierie Cloud & Cybersécurité,0.37500783397910803
5061,Confirmed Data Analyst - Daily,BLABLACAR,1,Consulting & Architecture IT,0.37500130187969666
4187,Assistant Chef de Produit - Travaux Photo (H/F),Forums Talents Handicap,6,Ingénierie R&D & Data Science,0.42500515818577755
1569,Chef de projet MOE Assurance-vie (H/F),CREDIT MUTUEL ARKEA,0,Ingénierie Cloud & Cybersécurité,0.7083333284542324
4538,PROMOTEUR·RICE DES VENTES (Saint-Louis) #TET10885 (H/F),Tetranergy Business School Réunion,5,Gestion de Projet & Développement,0.7082312099678785
588,Product Owner - Cyberdéfense (H/F),Forums Talents Handicap,0,Ingénierie Cloud & Cybersécurité,0.5624999520984563
3047,Ingénieur Commissioning H/F,TALEXIM Grenoble,7,Product Management & Développement Java,0.5624999887570911
3074,Consultant(e) QVCT/RPS - Prévention Primaire & Secondaire F/H - Qualisocial,Qualisocial,0,Ingénierie Cloud & Cybersécurité,0.125
4798,Responsable Commerciale industrie H/F,CRIT INTERIM,2,Data Analysis & Transformation Digitale,0.7811515587685961
532,Consultant(e) moa - services financiers f/h (CDI) (H/F),CGI,2,Data Analysis & Transformation Digitale,0.3890447326600647
2428,Chargé d'Opérations Réhabilitation F/H - Etudes socio-économiques (H/F),MICHAEL PAGE INTERNATIONAL FRANCE,2,Data Analysis & Transformation Digitale,0.5623399408069707
2751,Ingénieur Etudes confirmé MOE et Assainissement (H/F),LTd,2,Data Analysis & Transformation Digitale,0.4137219398834994
886,Responsable de la livraison sécurité - Aix-en-Provence (H/F),CIORANE,2,Data Analysis & Transformation Digitale,0.37500866602139776
3449,Commercial Terrain Sénior H/F - 32 (Franchises),PLUS QUE PRO,0,Ingénierie Cloud & Cybersécurité,0.8246916045044922
3979,Responsable Commercial / Commerciale,GRAINES & COMPETENCES,2,Data Analysis & Transformation Digitale,0.7812075275379013
930,Administrateur système et bureautique H/F,CRIT INTERIM,1,Consulting & Architecture IT,0.7083333216952089
5227,Ingénieur profil mixte procédé/data mining en PFE F/H,ORANO,1,Consulting & Architecture IT,0.37500531227030326
696,Ingénieur Systèmes - Vérification & Validation (V&V)  (H/F) (CDI),ASTEK,1,Consulting & Architecture IT,0.37500529580115677
506,Architecte solutions-si bancaire f/h (CDI) (H/F),CGI,5,Gestion de Projet & Développement,0.37500172307938695
1135,Technicien-ne informatique (H/F),Université Versailles St-Quentin-en-Yvelines,3,Direction Commerciale & Administration IT,0.7083250488146077
646,Formateur Data Analytics et Big Data (H/F),GOLDENCOLLAR,1,Consulting & Architecture IT,0.429294130661212
644,Chef de projet technique réseaux (H/F),ACTUAL ITS,0,Ingénierie Cloud & Cybersécurité,0.8249314460915362
1941,Chef de projet (H/F),Université Claude Bernard Lyon 1,0,Ingénierie Cloud & Cybersécurité,0.7083333284542324
4637,Ingénieur produit et certification (H/F) (CDI),MANPOWER FRANCE,7,Product Management & Développement Java,0.37500336068907736
1350,DBA Teradata (H/F) à Vitrolles,SULLY GROUP,0,Ingénierie Cloud & Cybersécurité,0.125
1726,Stage Développeur Informatique (F/H) (H/F),A.P.R.R (Autoroutes Paris Rhin Rhone),3,Direction Commerciale & Administration IT,0.3750018123432858
1125,Analyste Testeur H/F,La Coopérative Welcoop,3,Direction Commerciale & Administration IT,0.375001760140873
4908,Operational Marketing Manager - Geospatial Imagery (H/F),Derichebourg Interim et recrutement Toulouse Aero,3,Direction Commerciale & Administration IT,0.5624999646384051
3315,Consultant Expérimenté & Manager en « Data & Intelligent Process Automation »-Secteur Financier (H/F),EY,1,Consulting & Architecture IT,0.3750123859867682
4558,Responsable commercial H/F,ARTUS INTERIM CHARTRES ,2,Data Analysis & Transformation Digitale,0.7082877483142926
630,Chef de Projet Technique pour piloter le système Contrôle-Command (H/F),SOCIETE GESER BEST,0,Ingénierie Cloud & Cybersécurité,0.6249938091556967
4232,Consultant BI senior (H/F),Soors,0,Ingénierie Cloud & Cybersécurité,0.125
3813,Directeur commercial(e) (H/F),NEXTGEN RH,7,Product Management & Développement Java,0.7081304493698956
2849,E.Leclerc - RESPONSABLE QUALITE - H/F,VIENNEDIS,2,Data Analysis & Transformation Digitale,0.5312313943113222
1862,Ingénieur Réseau Core Infrastructure H/F,GEODIS,1,Consulting & Architecture IT,0.37500419081499187
1001,Product Owner Data RetD H/F (CDI),KAINO CONSULTING,0,Ingénierie Cloud & Cybersécurité,0.5624999520984563
627,TECHNICIEN DE DEPLOIEMENT INFORMATIQUE (H/F),SOFITEX,3,Direction Commerciale & Administration IT,0.7083250488146077
1152,Ingénieur Développement Cobol (F/H),ALTECA,7,Product Management & Développement Java,0.5624999887570911
3233,Expert parcours médico-social F/H - ANAP,ANAP,1,Consulting & Architecture IT,0.5624999596532987
1428,Chef de projet construction durable (H/F),Work & You,0,Ingénierie Cloud & Cybersécurité,0.7811805785705794
526,Lead Data Science and AI H/F (CDI),KAINO CONSULTING,0,Ingénierie Cloud & Cybersécurité,0.125
5118,Data Scientist Revenue Management F/H- CDI,MAGORA,4,Gestion Commerciale & Qualité,0.7081992330832871
3496,Commercial Terrain Sénior H/F - 22 (Franchises),PLUS QUE PRO,0,Ingénierie Cloud & Cybersécurité,0.8246916045044922
1251,Développeur JAVA (H/F),Défi RH,2,Data Analysis & Transformation Digitale,0.7082968631213316
672,Chef de Projet Technique - Projets web sur-mesure - H/F,skaelia,0,Ingénierie Cloud & Cybersécurité,0.8249942701549484
3608,Directeur commercial 36 H/F,Plus que PRO,7,Product Management & Développement Java,0.7081304493698956
4669,Responsable projet immobilier (H/F) (CDI),MANPOWER FRANCE,0,Ingénierie Cloud & Cybersécurité,0.28126333462972597
2149,Data analyst (F/H),EXPECTRA,4,Gestion Commerciale & Qualité,0.5624999886979292
3560,Directeur commercial 64 H/F,Plus que PRO,7,Product Management & Développement Java,0.7081304493698956
489,Architecte Système H/F (CDI),SOGITEC,1,Consulting & Architecture IT,0.3750039116639409
2267,Commercial terrain spécialisé en installations électriques #DIS9463 (H/F),DISCIPLINA,5,Gestion de Projet & Développement,0.28128440608876526
3730,Chargé de clientèle saison hivernale (H/F),ENTERPRISE MOBILITY,5,Gestion de Projet & Développement,0.5624999407655928
2911,Responsable Projets Réseaux de Chaleur (H/F),LTd,0,Ingénierie Cloud & Cybersécurité,0.531053630232961
755,Développeur SAGE X3 (H/F),HARRY HOPE,2,Data Analysis & Transformation Digitale,0.5624999803128126
1637,Architecte Solution H/F (CDI),MICHAEL PAGE,5,Gestion de Projet & Développement,0.37500172307938695
2004,Chef de Projet Régional (H/F),Mercato de l'emploi,0,Ingénierie Cloud & Cybersécurité,0.7083333284542324
3015,Chef de Projet (F/H),MACIF,0,Ingénierie Cloud & Cybersécurité,0.7083333284542324
1167,Administrateur Réseau Sécurité (H/F),CONNECTT 1,1,Consulting & Architecture IT,0.7811271468093041
2556,Data Architect - SI Energie  H/F,VIVERIS,1,Consulting & Architecture IT,0.37504670215462677
1593,ADMINISTRATEUR SYSTEME ET RESEAUX SERVICE INFORMATIQUE (H/F),FHF,3,Direction Commerciale & Administration IT,0.42495863919589766
1945,Chargé d'affaires meca (H/F),ODYSSEE RH,2,Data Analysis & Transformation Digitale,0.5624502050947269
4473,Consultant BI Senior (H/F),Soors,0,Ingénierie Cloud & Cybersécurité,0.125
1524,Développeur / Développeuse full-stack,IMPRIMERIE MBI,2,Data Analysis & Transformation Digitale,0.8249921491371982
1253,Ingénieur de production N4 - H/F,Econocom,7,Product Management & Développement Java,0.7083332923275923
3894,Responsable commercial 15 H/F,Plus que PRO,2,Data Analysis & Transformation Digitale,0.7082877483142926
574,IAM Tech Lead H/F,Groupama,5,Gestion de Projet & Développement,0.5624999669967781
3577,Directeur commercial 41 (H/F),Plus que PRO,7,Product Management & Développement Java,0.7081304493698956
3794,ADV Export Bilingue Anglais-Espagnol H/F,Charente Intérim,6,Ingénierie R&D & Data Science,0.5624999701278935
753,Technicien Système Réseaux (H/F),HARRY HOPE,1,Consulting & Architecture IT,0.7810692240433659
3017,Ingénieur Facteurs Organisationnel et Humain F/H,orano Projets,7,Product Management & Développement Java,0.5624999887570911
893,Ingénieur(e) Système DevOps / SRE - CDI (H/F),POLYCEA,1,Consulting & Architecture IT,0.37500529580115677
842,Chef de projet GED H/F,CRIT,0,Ingénierie Cloud & Cybersécurité,0.7083333284542324
3107,chef de projets métiers et SI F/H - mRHq,mRHq,0,Ingénierie Cloud & Cybersécurité,0.7083333284542324
3238,Data Analyst / Scientist - Power BI @ groupe international - F/H,Externatic,4,Gestion Commerciale & Qualité,0.8249641813043574
1510,Manager IT h/f,PROvidence,3,Direction Commerciale & Administration IT,0.5624999646384051
3924,Responsable commercial 38 H/F,Plus que PRO,2,Data Analysis & Transformation Digitale,0.7082877483142926
447,Chef ou cheffe de projet adjoint signalisation ferroviaire et référent ou référente déploiement (H/F),SNCF,0,Ingénierie Cloud & Cybersécurité,0.8249392747559803
1205,Développeur Back-End Sénior (H/F),EVOLUCARE TECHNOLOGIES,2,Data Analysis & Transformation Digitale,0.3750055573938208
3724,RESPONSABLE COMMERCIAL FRANCE (H/F),ACCOMPAGNEMENT CONSEIL ET STRATEGIE,2,Data Analysis & Transformation Digitale,0.7811973991658885
802,Product Owner H/F,Amiltone,0,Ingénierie Cloud & Cybersécurité,0.5624999520984563
809,Expert(e) Cybersécurité Industrielle - Cybersécurité - Toulon (H/F),Forums Talents Handicap,4,Gestion Commerciale & Qualité,0.6248492238247038
715,Analystes windows/linux (H/F),Actual Talent Bordeaux IT,0,Ingénierie Cloud & Cybersécurité,0.125
1401,Technicien Informatique Itinérant (H/F),JDC,3,Direction Commerciale & Administration IT,0.7083250488146077
962,Chargé Validation des Systèmes Informatisés H/F - SANOFI - R2834068,SUPPLAY EVREUX,1,Consulting & Architecture IT,0.5624999857031248
1615,Ingénieur DevOps F/H (CDI) (H/F),HADLEY SEARCH,7,Product Management & Développement Java,0.7083332832796767
3314,"Consultant Expérimenté & Manager en Data Engineering - Secteur Financier, H/F",EY,2,Data Analysis & Transformation Digitale,0.531242303025333
2913,Commercial terrain overseas (H/F),LTd,5,Gestion de Projet & Développement,0.3749858378987597
1318,"Architecte Expérimenté (Infra, Cloud, DevOps, Digital ou Data) H/F",JEMS,7,Product Management & Développement Java,0.5208303370297651
1270,ARCHITECTE SYSTEME SECTEUR DEFENSE H/F,EMITECH,7,Product Management & Développement Java,0.5312054019632955
3362,Chargé(e) Marketing Commercial (H/F),HORIZON JOB,2,Data Analysis & Transformation Digitale,0.5623333546609843
923,Ingénieur systèmes Linux (H/F),INFORMATIS TECHNOLOGY SYSTM,1,Consulting & Architecture IT,0.37500529580115677
562,Consultant / Consultante décisionnel - Business Intelligence (H/F)," HETIC 3
                ",4,Gestion Commerciale & Qualité,0.5624999261669924
3164,Chef de projet organisation (H/F),OUI,0,Ingénierie Cloud & Cybersécurité,0.5312704906937445
3153,Ingénieur ou Ingénieure matériel système ferroviaire - Développement MISTRAL (H/F),SNCF,7,Product Management & Développement Java,0.6874564814471195
670,Technicien Système Cloud H/F (H/F),SERINYA TELECOM,1,Consulting & Architecture IT,0.7810839606737628
616,Ingénieur Azure Active Directory (H/F),GROUPE ATLANTIC SYNERGY - Société en Nom Collectif,7,Product Management & Développement Java,0.5624999887570911
4228,Alternance Chargé de développement commercial - Paris (H/F),ISCOD,3,Direction Commerciale & Administration IT,0.7811240275493753
1485,INGÉNIEUR DEVOPS - H/F,IRIUM SOFTWARE,7,Product Management & Développement Java,0.5624999887570911
1197,Tech Lead Data et IA Générative H/F,JEMS,5,Gestion de Projet & Développement,0.7081093444292635
3740,RESPONSABLE BRAND ACTIVATION & DIGITAL MARKETING F/H (H/F),LOYALTY COMPANY,2,Data Analysis & Transformation Digitale,0.7083333107992461
1048,Testeur / Testeuse informatique (H/F)," NETGEM
                ",3,Direction Commerciale & Administration IT,0.37500918232040603
4696,Consultant E-Commerce Grande Consommation H/F (CDI),MICHAEL PAGE,3,Direction Commerciale & Administration IT,0.5624999354397776
4729,Chef(fe) de produit Aménagement Intérieur (F/H) (CDI) (H/F),FBD INTERNATIONAL,0,Ingénierie Cloud & Cybersécurité,0.7083333228389057
431,Analyste Développement Mainframe confirmé (H/F),ALTECA,3,Direction Commerciale & Administration IT,0.7083160740781407
1803,Ingénieur qualité fournisseur (H/F),CTS Corporate,7,Product Management & Développement Java,0.7083333157380669
3734,Conseiller clientèle en milieu hospitalier - CDD (H/F),HAPPYTAL,0,Ingénierie Cloud & Cybersécurité,0.125
4549,Alternance Chargé Marketing digital - Saint-Jean-de-Braye (H/F),ISCOD,2,Data Analysis & Transformation Digitale,0.5624999399436308
3916,Responsable commercial 87 H/F,Plus que PRO,2,Data Analysis & Transformation Digitale,0.7082877483142926
2729,Data Product Owner (F/H) (H/F),AXA,0,Ingénierie Cloud & Cybersécurité,0.5624999520984563
1918,"Consultant Expérimenté & Manager en « Data Analyst & BI » - Secteur Financier, H/F",EY,2,Data Analysis & Transformation Digitale,0.4249843199565648
5096,STAGE - Data Analyst appliqué à la cybersécurité Cloud H/F - 6 mois,BNP PARIBAS,4,Gestion Commerciale & Qualité,0.5311324166185907
4548,Alternance Customer Success Manager - Boulogne-Billancourt (H/F),ISCOD,3,Direction Commerciale & Administration IT,0.5624999646384051
3628,Gestionnaire Relations Clients (h/f),ADECCO,2,Data Analysis & Transformation Digitale,0.5310580659739165
1859,Chargé de mission baromètre des start-ups - Pôle Universitaire d’Innovation (PUI) H/F,Université Paris Saclay,0,Ingénierie Cloud & Cybersécurité,0.125
440,Ingénieur Project Management Support - Défense - Versailles H/F,ECM (Direction Nord),4,Gestion Commerciale & Qualité,0.5312382034976829
3587,Directeur commercial 38 H/F,Plus que PRO,7,Product Management & Développement Java,0.7081304493698956
3280,Expert immobilier F/H - ANAP,ANAP,1,Consulting & Architecture IT,0.7083264580661106
3949,Commercial - Froid Industriel H/F,RESEAU ALLIANCE,3,Direction Commerciale & Administration IT,0.7081208271370257
2877,Ingénieur d'Etudes Chauffage Urbain (H/F),LTd,7,Product Management & Développement Java,0.7082816537401603
2139,Consultant Junior / Confirmé - Stratégie et Transformation - People & Organisation  - Aix-en-Provence (H/F),Forums Talents Handicap,4,Gestion Commerciale & Qualité,0.7812445854084147
1580,Chef de projet logiciel - Energie et Telecom H/F,VIVERIS,0,Ingénierie Cloud & Cybersécurité,0.6250961219536515
4138,Chargé de clientèle bilingue français/espagnol (H/F),LYNX RH TERTIAIRE,5,Gestion de Projet & Développement,0.5624999407655928
989,Ingénieur IVV / Test Système (Secteur Energie)  (H/F) (CDI),ASTEK,1,Consulting & Architecture IT,0.2812623894267063
2878,ERGONOME SITE F/H (H/F),Safran,0,Ingénierie Cloud & Cybersécurité,0.125
4764,Directeur(trice) IA - Transformation des Servic... H/F (CDI),WISE RH,4,Gestion Commerciale & Qualité,0.3750009218483822
594,IT BUSINESS ANALYST (H/F),Forums Talents Handicap,4,Gestion Commerciale & Qualité,0.5624999886979292
600,Développeur/se Senior Java - Services Financiers – Lyon (H/F),Forums Talents Handicap,2,Data Analysis & Transformation Digitale,0.708372374574615
5151,Consultant.e en Data / IA,ARTIK CONSULTING,1,Consulting & Architecture IT,0.5624999428989463
623,Administrateur(rice) réseau F/H,Terrena,1,Consulting & Architecture IT,0.7811422384757245
455,Développeur PHP/Symfony Confirmé (H/F) (CDI),NEXTEP HR,2,Data Analysis & Transformation Digitale,0.5624999803128126
377,Responsable Informatique Multi-Sites (h/f) (H/F),COMPAGNIE DE SAINT-GOBAIN,3,Direction Commerciale & Administration IT,0.3750231489829398
3906,Responsable commercial 60 H/F,Plus que PRO,2,Data Analysis & Transformation Digitale,0.7082877483142926
3428,Directeur / directrice - conseil en transformation des transports et des mobilités h/f (CDI),CGI,4,Gestion Commerciale & Qualité,0.5312590620485342
1452,Chef de Projet Technico-Fonctionnel CRM D365 H/F,Michael Page,0,Ingénierie Cloud & Cybersécurité,0.7812186283836531
985,Technicien de maintenance SAV H/F,Temporis Six-Fours-Les-Plages,3,Direction Commerciale & Administration IT,0.562473130417935
1749,Gestionnaire des marchés publics (H/F),Mairie de Houilles,6,Ingénierie R&D & Data Science,0.7812306413559984
3467,Responsable commercial H/F -80 (Franchises),PLUS QUE PRO,2,Data Analysis & Transformation Digitale,0.7811942658949762
1407,Technicien / Technicienne Réseaux & Télécoms Terrain (H/F),GROUPE VIDEOCOM,3,Direction Commerciale & Administration IT,0.3924571703092871
3860,Responsable commercial 52 H/F,Plus que PRO,2,Data Analysis & Transformation Digitale,0.7082877483142926
3966,BUSINESS DEVELOPER Robots Terrestres (H/F),HEXAGONE MANUFACTURE,1,Consulting & Architecture IT,0.562499860859453
1513,Développeur WinDev/WebDev(H/F),Talents IT,2,Data Analysis & Transformation Digitale,0.5624999803128126
2424,Chef de Mission Comptable/Mémorialiste DEC H/F (CDI),LEA Recrutement,0,Ingénierie Cloud & Cybersécurité,0.5624999918901866
876,Référent/e Automatisation & IA (Ops) (H/F),RCA REALISATIONS POUR LA COMPTABILITE ET,1,Consulting & Architecture IT,0.5624115353993823
3741,Chef de Produit Sénior H/F (H/F),FDG GROUP,0,Ingénierie Cloud & Cybersécurité,0.7812499856355342
1110,Concepteur de Test / QA confirmé (F/H),ALTECA,0,Ingénierie Cloud & Cybersécurité,0.125
4968,Développeur Commercial H/F,Working Success,2,Data Analysis & Transformation Digitale,0.7082877493237271
1697,Lead DevOps (H/F),Forums Talents Handicap,5,Gestion de Projet & Développement,0.5624999669967781
4724,Chef.fe de Produit Service H/F (CDI),ENDRESS & HAUSER France,0,Ingénierie Cloud & Cybersécurité,0.5312505457156734
3162,Chef de projet F/H - SFHE,SFHE,0,Ingénierie Cloud & Cybersécurité,0.7083333284542324
2188,Développeur Data Junior - F/H,CHRONOPOST,2,Data Analysis & Transformation Digitale,0.5624999803128126
1824,Enquêteur Terrain - Satisfaction Client (H/F),FIELD & SOLUTIONS,5,Gestion de Projet & Développement,0.7812400412091618
576,Ingénieur Systèmes et Réseaux (H/F),Adsearch,1,Consulting & Architecture IT,0.5312623420662568
4234,Alternance Chargé(e) de marketing digital. - Paris (H/F),ISCOD,2,Data Analysis & Transformation Digitale,0.7811249067736709
4694,Business Annalyst Retail (Finance) h/f (Indépendant / Freelance),Mon Consultant Indépendant,5,Gestion de Projet & Développement,0.37507660865984366
2758,Ingénieur Etudes confirmé MOE et Assainissement (H/F),LTd,2,Data Analysis & Transformation Digitale,0.4137219398834994
817,Architecte Cloud Azure (H/F),Forums Talents Handicap,7,Product Management & Développement Java,0.708267629022259
3873,Responsable commercial 80 H/F,Plus que PRO,2,Data Analysis & Transformation Digitale,0.7082877483142926
695,Administrateur systèmes et réseaux (H/F) (CDI),ACTUAL TALENT,1,Consulting & Architecture IT,0.7812499916661283
4961,Responsable commercial (H/F),ERGALIS PARIS 3200,2,Data Analysis & Transformation Digitale,0.7082877483142926
3797,Gestionnaire ADV H/F,Page Personnel,6,Ingénierie R&D & Data Science,0.5624999919365877
3350,RESPONSABLE COMMERCIAL GRANDS COMPTES H/F (H/F),SAS REJOLT,3,Direction Commerciale & Administration IT,0.5161920205810836
4226,Alternance Assistant développement commercial - Villeneuve-d'Ascq (H/F),ISCOD,3,Direction Commerciale & Administration IT,0.5311259965763859
1359,Ingénieur développement C++ H/F,TALEXIM Pays de Savoie,7,Product Management & Développement Java,0.7081996157316949
4687,Gestionnaire adv export sap (h/f) (CDD),TALENTS SUPPLY,6,Ingénierie R&D & Data Science,0.7083333229287444
2515,Data scientist Optimisation planification - (H/F),Forums Talents Handicap,1,Consulting & Architecture IT,0.7083139337660149
583,Chef de projet d'exploitation informatique - Delivery Manager Système (H/F),Manpower,3,Direction Commerciale & Administration IT,0.42356454497016405
1540,Business Analyst - Analyste Fonctionnel·le Confirmé - Secteur Public - Lyon H/F,Sopra Steria,2,Data Analysis & Transformation Digitale,0.5892321873958781
5200,DATA ENGINEER CONFIRME (H/F),HARDIS GROUP,1,Consulting & Architecture IT,0.7083333040423037
5068,Business Analyst Data Sénior F/H,CGI,4,Gestion Commerciale & Qualité,0.5624999886979292
3359,Chargé marketing réseau (H/F),AUTO PIECES ATLANTIQUE,1,Consulting & Architecture IT,0.5624999776809377
5190,AI Platform Database Engineer F/H,NTT LTD,1,Consulting & Architecture IT,0.5624999505226381
4482,Alternance Chargé de e-commerce et tech data - Paris (H/F),ISCOD,1,Consulting & Architecture IT,0.7082929922043583
1155,Ingénieur en intelligence artificielle H/F,UNIVERSITE DE LORRAINE,7,Product Management & Développement Java,0.5624999887570911
3742,Chef de produits - industrie (H/F),SOCOMEC,0,Ingénierie Cloud & Cybersécurité,0.781216468947969
1249,Une ou un administrateur systèmes et réseaux (H/F),ENS PARIS SACLAY,1,Consulting & Architecture IT,0.7812499916661283
4747,Chef de produit PàP H/F (CDI),ROBERT WALTERS CONTRACT PARIS,0,Ingénierie Cloud & Cybersécurité,0.7083333228389057
4690,Gestionnaire cee en cdi h/f (CDI),VICTOIRE TALENT,6,Ingénierie R&D & Data Science,0.5624999919365877
